,,,,,,
,,,,,,
CLIENTE OK,,,,,,
CLIENTE NON ESISTE,,,,,,
IGNOTO,,,,,,
,,,,,,
,ELENCO CLIENTI,,,,,
ragione sociale,Partita IVA,email,Citt√†,Indirizzo,CAP,telefono
ROMA CAPITALE !!S.P.Q.R.,01057861005,chemerijkb@merriam-webster.com,ROMA,VIA DEL CAMPIDOGLIO 1,57954 CEDEX,+33 (701) 723-2420
COMUNE DI MILANO,01199250158,sbennetc@list-manage.com,MILANO,PIAZZA DELLA SCALA 2,"91,499",+1 (213) 355-7217
FERRERO SPA CON UNICO AZIONISTA,00934460049,spoteburyd@ovh.net,ALBA,PIAZZALE PIETRO FERRERO,,+62 (532) 104-6624
FERRARI S.P.A.,00159560366,athurbye@cisco.com,MODENA,VIA EMILIA EST 1163,,+62 (566) 645-6024
ENEL SPA,15844561009,fjeenesf@ted.com,ROMA,VIALE REGINA MARGHERITA 137,"522,068",+57 (732) 174-3419
FIAT SPA,00469580013,rmedlarg@ed.gov,TORINO,700 Texas Junction,95652 CEDEX,+33 (846) 213-0769
AUTOMOBILI LAMBORGHINI S.P.A.,00591801204,pitzkovitchh@ning.com,BO,VIA MODENA 12,"197,758",+7 (886) 527-1083
